Day,mean
17,4.389214595095356
18,3.9778678120887196
19,4.786010920487452
20,4.203276726263876
21,4.694580743070287
22,4.886302137177495
23,4.229247913597657
24,4.014555427847126
25,4.041170425138298
26,4.3249078904528275
27,4.087432853469116
28,3.9468510348726533
29,5.198153038482307
30,4.1761866487484145
31,4.485790205363122
